keys,zh_CN,en
莫比乌斯,莫比乌斯,Mobius
继续冒险,继续冒险,Continue
开始新游戏,开始新游戏,New adventure
设置,设置,Settings
冒险记录,冒险记录,Run history
图鉴,图鉴,Compendium
操作说明,操作说明,How to play
退出,退出,Quit
返回,返回,Back
离开,离开,Leave
选择角色,选择角色,Choose a character
主音量,主音量,Master volume
音乐,音乐,Music
音效,音效,Sound effects
文字缩放,文字缩放,Text scale
全屏,全屏,Fullscreen
减少动画,减少动画,Reduced motion
保存并返回,保存并返回,Save and return
继续游戏,继续游戏,Resume
保存并返回主菜单,保存并返回主菜单,Save and return to menu
暂停 / 菜单,暂停 / 菜单,Pause / Menu
休息,休息,Rest
商店,商店,Shop
战利品,战利品,Rewards
宝箱,宝箱,Treasure
通关！,通关！,Victory!
你倒下了,你倒下了,Defeated
穿行回环，直到尽头。,穿行回环，直到尽头。,Travel the loop to its end.
